{"loss": [0.28625738620758057, 0.08108050376176834, 0.04227594658732414, 0.036938413977622986, 0.025988226756453514, 0.019384460523724556, 0.01670367456972599, 0.01838812604546547, 0.01950686052441597, 0.026075726374983788, 0.017070557922124863, 0.009659607894718647, 0.012033509090542793, 0.013819655403494835, 0.002556064398959279, 0.0011251841206103563, 0.0013383121695369482, 0.00044451787834987044, 0.00041502766543999314, 0.0003996063896920532, 0.0010175419738516212, 0.0005516554228961468, 0.0005271655973047018, 0.0003384497540537268, 0.00015257995983120054, 0.0001031376450555399, 0.0002271047851536423, 0.0002494744840078056, 4.010728662251495e-05, 0.00013672688510268927, 3.405696043046191e-05, 4.0557475585956126e-05, 2.270171717100311e-05, 1.8330032617086545e-05, 9.269956353818998e-05, 1.2996601981285494e-05, 2.085452069877647e-05, 1.4446285604208242e-05, 2.103360566252377e-05, 1.636707929719705e-05, 0.0001479534403188154, 0.00015471543883904815, 3.968823148170486e-05, 3.962838036386529e-06, 5.3507705160882324e-05, 8.640819942229427e-06, 9.25164931686595e-06, 2.1008696421631612e-05, 6.379838850989472e-06, 5.4034130698710214e-06, 3.2305008517141687e-06, 3.655773980426602e-06, 9.475689694227185e-06, 1.750525552779436e-05], "val_loss": [0.24978984892368317, 0.12769167125225067, 0.06642286479473114, 0.08534052222967148, 0.09986909478902817, 0.14743751287460327, 0.10700917989015579, 0.06506164371967316, 0.5864985585212708, 0.4541507661342621, 0.262882262468338, 0.09593330323696136, 0.0445229634642601, 0.033304065465927124, 0.012458723038434982, 0.011230981908738613, 0.010606694035232067, 0.010126101784408092, 0.009087510406970978, 0.008969406597316265, 0.00935011263936758, 0.009156210348010063, 0.009207882918417454, 0.009131272323429585, 0.009179312735795975, 0.009086957201361656, 0.00928832869976759, 0.009086849167943, 0.009279776364564896, 0.009592368267476559, 0.00903386902064085, 0.009753692895174026, 0.008839165791869164, 0.009111146442592144, 0.009667083621025085, 0.009738756343722343, 0.00984684657305479, 0.009580614045262337, 0.009775148704648018, 0.010039037093520164, 0.010046839714050293, 0.01067381165921688, 0.010151066817343235, 0.010377487167716026, 0.010293630883097649, 0.01015740167349577, 0.009875109419226646, 0.009556706994771957, 0.009762351401150227, 0.009379629045724869, 0.00934359896928072, 0.009773096069693565, 0.009920337237417698, 0.010200993157923222], "val_accuracy": [0.7835491299629211, 0.9203943610191345, 0.953207790851593, 0.9417304396629333, 0.9395232200622559, 0.9114184975624084, 0.918775737285614, 0.9620364904403687, 0.8094467520713806, 0.8091524243354797, 0.8316656947135925, 0.9452618956565857, 0.9721895456314087, 0.9807239770889282, 0.9929370284080505, 0.9935256242752075, 0.9935256242752075, 0.9938198924064636, 0.9938198924064636, 0.9939670562744141, 0.9939670562744141, 0.9939670562744141, 0.9939670562744141, 0.9942613244056702, 0.9944084882736206, 0.9945555925369263, 0.9947027564048767, 0.9945555925369263, 0.9947027564048767, 0.9945555925369263, 0.9948499202728271, 0.9947027564048767, 0.9949970841407776, 0.9949970841407776, 0.9947027564048767, 0.9948499202728271, 0.9947027564048767, 0.9951441884040833, 0.9948499202728271, 0.9944084882736206, 0.9948499202728271, 0.9945555925369263, 0.9947027564048767, 0.9945555925369263, 0.9945555925369263, 0.9945555925369263, 0.9948499202728271, 0.9949970841407776, 0.9948499202728271, 0.9952913522720337, 0.9951441884040833, 0.9948499202728271, 0.9947027564048767, 0.9947027564048767], "accuracy": [0.7469103932380676, 0.942290723323822, 0.9729660153388977, 0.9772325754165649, 0.9842577576637268, 0.9882301092147827, 0.989922046661377, 0.9884139895439148, 0.9884139895439148, 0.9857289791107178, 0.9912461638450623, 0.9941518306732178, 0.9930852055549622, 0.9921289086341858, 0.9984552264213562, 0.9993379712104797, 0.9996689558029175, 0.9999264478683472, 0.9998896718025208, 1.0, 0.9996689558029175, 0.9999264478683472, 0.9999264478683472, 0.9998896718025208, 0.9999632239341736, 1.0, 0.9999632239341736, 0.9999264478683472, 1.0, 0.9999632239341736, 1.0, 1.0, 1.0, 1.0, 0.9999632239341736, 1.0, 1.0, 1.0, 1.0, 1.0, 0.9999264478683472, 0.9999632239341736, 1.0, 1.0, 1.0, 1.0, 1.0, 1.0, 1.0, 1.0, 1.0, 1.0, 1.0, 1.0], "Overfitting excape": true, "params": {"input_shape": [224, 224, 3], "include_top": false, "weights": "imagenet"}, "pretrainedUnfrozenLayers": 5, "BaseModelName": "ResNet101"}