{"val_accuracy": [0.8666862845420837, 0.9673337340354919, 0.9836668372154236, 0.9658622741699219, 0.9863154888153076, 0.9854326248168945, 0.9727780818939209, 0.9916127324104309, 0.9895526766777039, 0.9870511889457703, 0.9718952178955078, 0.9883755445480347, 0.9883755445480347, 0.9952913522720337, 0.9967628121376038, 0.9967628121376038, 0.9967628121376038, 0.9972042441368103, 0.9972042441368103, 0.9972042441368103, 0.9974985122680664, 0.9973514080047607, 0.9973514080047607, 0.9972042441368103, 0.9974985122680664, 0.9976456761360168, 0.9974985122680664, 0.9973514080047607, 0.9976456761360168, 0.9977928400039673, 0.9977928400039673, 0.9977928400039673, 0.9977928400039673, 0.9976456761360168, 0.9976456761360168, 0.9974985122680664, 0.9973514080047607, 0.9974985122680664, 0.9974985122680664, 0.9974985122680664, 0.9974985122680664, 0.9974985122680664, 0.9976456761360168, 0.9977928400039673, 0.9977928400039673, 0.9977928400039673, 0.9977928400039673, 0.997939944267273, 0.997939944267273, 0.997939944267273, 0.997939944267273, 0.997939944267273, 0.9977928400039673, 0.997939944267273], "loss": [0.23457396030426025, 0.04848305135965347, 0.024994224309921265, 0.018843786790966988, 0.016604728996753693, 0.010899590328335762, 0.011510707437992096, 0.012260791845619678, 0.00760258175432682, 0.00821649469435215, 0.014970194548368454, 0.014524110592901707, 0.004796523600816727, 0.009927789680659771, 0.001674498780630529, 0.0025032837875187397, 0.0013777872081845999, 0.0002178335125790909, 0.0005197512218728662, 0.00014487378939520568, 0.00014705043577123433, 0.00021179627219680697, 5.956153472652659e-05, 0.000344820466125384, 6.550190300913528e-05, 0.0002180458977818489, 3.541721889632754e-05, 0.0010642525739967823, 5.817123019369319e-05, 1.809282912290655e-05, 2.1026129616075195e-05, 2.030449286394287e-05, 1.4648569049313664e-05, 1.7966231098398566e-05, 0.0002198903966927901, 0.00028567935805767775, 0.00032762193586677313, 7.554978765256237e-06, 2.8514641599031165e-05, 2.9297094442881644e-05, 1.8411279597785324e-05, 8.467372936138418e-06, 4.4158532546134666e-06, 6.8896420089004096e-06, 5.432702437246917e-06, 2.8030774501530686e-06, 1.5789028111612424e-05, 3.7868976505706087e-06, 1.31904644149472e-05, 4.2481105992919765e-06, 5.649368631566176e-06, 2.51499568548752e-06, 4.494008408073569e-06, 9.234778190148063e-06], "accuracy": [0.7857142686843872, 0.9671178460121155, 0.9837428331375122, 0.987788736820221, 0.9897381067276001, 0.9932323098182678, 0.9934898018836975, 0.9926438331604004, 0.9950713515281677, 0.995181679725647, 0.9919817447662354, 0.9925334453582764, 0.9974253177642822, 0.9954023957252502, 0.9989333748817444, 0.9996689558029175, 0.9998896718025208, 0.9999264478683472, 0.9998528957366943, 0.9999632239341736, 0.9999632239341736, 0.9998896718025208, 1.0, 0.9998896718025208, 1.0, 0.9999632239341736, 1.0, 0.9998896718025208, 1.0, 1.0, 1.0, 1.0, 1.0, 1.0, 0.9999632239341736, 0.9999632239341736, 0.9999264478683472, 1.0, 0.9999632239341736, 1.0, 1.0, 1.0, 1.0, 1.0, 1.0, 1.0, 1.0, 1.0, 1.0, 1.0, 1.0, 1.0, 1.0, 1.0], "val_loss": [0.17850883305072784, 0.04522107541561127, 0.021588850766420364, 0.0527009554207325, 0.023885903880000114, 0.020761584863066673, 0.04220985993742943, 0.013126224279403687, 0.017399052157998085, 0.02083418518304825, 0.0391170009970665, 0.017969999462366104, 0.025699557736516, 0.007733448408544064, 0.005658521316945553, 0.0054114400409162045, 0.00526183657348156, 0.00510907918214798, 0.004784226883202791, 0.004395946394652128, 0.004271907731890678, 0.004286202136427164, 0.004259959328919649, 0.004539358429610729, 0.004381477367132902, 0.004070532973855734, 0.0041979411616921425, 0.004312930162996054, 0.004150400869548321, 0.004086241126060486, 0.0039896913804113865, 0.004006088711321354, 0.003877741051837802, 0.004091092385351658, 0.004095456562936306, 0.004130547400563955, 0.004368079826235771, 0.004218457732349634, 0.004212706815451384, 0.0040600900538265705, 0.004221015609800816, 0.004267647862434387, 0.00437895767390728, 0.004226078279316425, 0.00438014417886734, 0.004323937464505434, 0.004329769406467676, 0.004154245834797621, 0.004094573203474283, 0.004079730715602636, 0.004385491367429495, 0.004286475013941526, 0.00406997837126255, 0.004172885324805975], "Overfitting excape": true, "params": {"input_shape": [224, 224, 3], "include_top": false, "weights": "imagenet"}, "pretrainedUnfrozenLayers": 5, "BaseModelName": "InceptionResNetV2"}