{"val_accuracy": [0.7872278094291687, 0.9696880578994751, 0.9493820071220398, 0.9371688961982727, 0.9788110852241516, 0.9707180857658386, 0.9791053533554077, 0.9745438694953918, 0.9882283806800842, 0.9771924614906311, 0.9846968650817871, 0.9034726023674011, 0.983225405216217, 0.9727780818939209, 0.9955856204032898, 0.9960270524024963, 0.9966156482696533, 0.9970570802688599, 0.9972042441368103, 0.9974985122680664, 0.9974985122680664, 0.9974985122680664, 0.9974985122680664, 0.9974985122680664, 0.9974985122680664, 0.9976456761360168, 0.9977928400039673, 0.9976456761360168, 0.9977928400039673, 0.9976456761360168, 0.9977928400039673, 0.9977928400039673, 0.9980871081352234, 0.997939944267273, 0.9977928400039673, 0.9980871081352234, 0.9977928400039673, 0.9977928400039673, 0.9976456761360168, 0.9977928400039673, 0.9977928400039673, 0.9977928400039673, 0.997939944267273, 0.997939944267273, 0.9980871081352234, 0.9982342720031738, 0.9983813762664795, 0.9985285401344299, 0.9985285401344299, 0.9985285401344299, 0.9985285401344299, 0.9985285401344299, 0.9985285401344299, 0.9983813762664795], "loss": [0.27932944893836975, 0.07684481889009476, 0.03470098227262497, 0.024814167991280556, 0.019761977717280388, 0.018763134256005287, 0.01938532292842865, 0.013512403704226017, 0.010076162405312061, 0.014225390739738941, 0.01058109849691391, 0.006740793585777283, 0.010874648578464985, 0.006623118184506893, 0.004296253900974989, 0.0025052037090063095, 0.0015589629765599966, 0.0012435760581865907, 0.0009590330882929265, 0.0006593007710762322, 0.0004673575167544186, 0.0004010228149127215, 0.00024107226636260748, 0.00035384774673730135, 0.0002865755232051015, 0.0002139778371201828, 0.0003090155660174787, 9.887518535833806e-05, 0.00019386190979275852, 0.00018835198716260493, 8.511974010616541e-05, 0.00011106104648206383, 6.5381005697418e-05, 0.00013282886357046664, 6.048790964996442e-05, 9.070678788702935e-05, 0.00012643988884519786, 0.0002545397146604955, 4.479667040868662e-05, 4.716336843557656e-05, 5.0459959311410785e-05, 3.6290530260885134e-05, 1.4784022823732812e-05, 2.1468013073899783e-05, 1.5549005183856934e-05, 1.5181543858489022e-05, 5.856233474332839e-05, 2.736237547651399e-05, 1.68079168361146e-05, 6.85164513924974e-06, 1.1994039596174844e-05, 1.4070674296817742e-05, 1.4380767424881924e-05, 3.000273136422038e-05], "accuracy": [0.7366484999656677, 0.9442033171653748, 0.9769383668899536, 0.9847726821899414, 0.9873473644256592, 0.9886714816093445, 0.9894438982009888, 0.9917978644371033, 0.9940415024757385, 0.9920185208320618, 0.9936001300811768, 0.9956966042518616, 0.9934529662132263, 0.9962483644485474, 0.9972414374351501, 0.9983448386192322, 0.9992275834083557, 0.9991540312767029, 0.9994850754737854, 0.9997793436050415, 0.9997793436050415, 0.9998161196708679, 0.9999264478683472, 0.9998528957366943, 0.9998528957366943, 0.9999632239341736, 0.9999632239341736, 1.0, 0.9999632239341736, 0.9998528957366943, 1.0, 0.9999632239341736, 1.0, 0.9999632239341736, 0.9999632239341736, 0.9999264478683472, 0.9999632239341736, 0.9998896718025208, 1.0, 1.0, 1.0, 1.0, 1.0, 1.0, 1.0, 1.0, 0.9999632239341736, 0.9999632239341736, 1.0, 1.0, 1.0, 1.0, 1.0, 0.9999632239341736], "val_loss": [0.24825343489646912, 0.04170014709234238, 0.06657982617616653, 0.08934078365564346, 0.03204458951950073, 0.04057545214891434, 0.03303324803709984, 0.04487966373562813, 0.014687805436551571, 0.05350614711642265, 0.02426484413444996, 0.17151658236980438, 0.03754240274429321, 0.04064595699310303, 0.0073123532347381115, 0.005652334075421095, 0.004867205861955881, 0.0043985676020383835, 0.00413971021771431, 0.003882884979248047, 0.0037340561393648386, 0.003411066485568881, 0.0033918796107172966, 0.003071165643632412, 0.003008410334587097, 0.003007974475622177, 0.0031259628012776375, 0.0029984177090227604, 0.002699748147279024, 0.002654077485203743, 0.0027366734575480223, 0.0028112903237342834, 0.0025706193409860134, 0.002544201910495758, 0.002626192755997181, 0.002453471999615431, 0.0028944346122443676, 0.003163923742249608, 0.003026599995791912, 0.002746166894212365, 0.002746213460341096, 0.0027898268308490515, 0.0027322061359882355, 0.0028296373784542084, 0.002549205906689167, 0.002498231828212738, 0.0023941206745803356, 0.0024104106705635786, 0.002472722204402089, 0.0024599400348961353, 0.002417751122266054, 0.0023784858640283346, 0.0024092032108455896, 0.0025059606414288282], "Overfitting excape": true, "params": {"input_shape": [224, 224, 3], "include_top": false, "weights": "imagenet"}, "pretrainedUnfrozenLayers": 5, "BaseModelName": "InceptionV3"}