{"accuracy": [0.6711784601211548, 0.8839929103851318, 0.9552008509635925, 0.9781889319419861, 0.9810578227043152, 0.9873473644256592, 0.9878255128860474, 0.9899588227272034, 0.9905840754508972, 0.99249666929245, 0.9896277785301208, 0.9944460988044739, 0.9940782785415649, 0.9929012656211853, 0.9976828098297119, 0.9982345104217529, 0.9989701509475708, 0.9995218515396118, 0.9991172552108765, 0.9995218515396118, 0.9995218515396118, 0.9997057318687439, 0.9998161196708679, 0.9996321797370911, 0.9994850754737854, 0.9998161196708679, 0.9997425079345703, 0.9997793436050415, 0.9998896718025208, 0.9999632239341736, 0.9998896718025208, 0.9999632239341736, 0.9999264478683472, 0.9999264478683472, 0.9999264478683472, 0.9999264478683472, 0.9999632239341736, 0.9999632239341736, 0.9998528957366943, 0.9999632239341736, 0.9999632239341736, 0.9999264478683472, 1.0, 0.9999264478683472, 0.9999632239341736, 0.9999632239341736, 0.9999632239341736, 1.0, 0.9999632239341736, 0.9999632239341736, 1.0, 1.0, 0.9999632239341736, 0.9998528957366943], "val_accuracy": [0.7037963271141052, 0.7388169765472412, 0.8674219846725464, 0.9464390873908997, 0.9508534669876099, 0.9573278427124023, 0.9736610054969788, 0.9791053533554077, 0.9820482730865479, 0.9727780818939209, 0.9705709218978882, 0.9805768132209778, 0.9651265740394592, 0.9717481136322021, 0.9908769726753235, 0.9938198924064636, 0.9942613244056702, 0.9944084882736206, 0.9948499202728271, 0.9954385161399841, 0.9954385161399841, 0.9958799481391907, 0.9963213801383972, 0.9964684844017029, 0.9960270524024963, 0.9958799481391907, 0.9961742162704468, 0.9961742162704468, 0.9960270524024963, 0.9964684844017029, 0.9963213801383972, 0.9963213801383972, 0.9964684844017029, 0.9964684844017029, 0.9963213801383972, 0.9960270524024963, 0.9960270524024963, 0.9964684844017029, 0.9964684844017029, 0.9963213801383972, 0.9966156482696533, 0.9969099760055542, 0.9966156482696533, 0.9967628121376038, 0.9966156482696533, 0.9964684844017029, 0.9966156482696533, 0.9963213801383972, 0.9963213801383972, 0.9964684844017029, 0.9966156482696533, 0.9966156482696533, 0.9966156482696533, 0.9966156482696533], "loss": [0.34658077359199524, 0.14307712018489838, 0.06107211858034134, 0.0319046676158905, 0.028380369767546654, 0.019516998901963234, 0.018737779930233955, 0.017397621646523476, 0.015185209922492504, 0.01233048364520073, 0.017055347561836243, 0.009267270565032959, 0.010278905741870403, 0.011561630293726921, 0.004197362810373306, 0.0028376055415719748, 0.0018372110789641738, 0.0012541095493361354, 0.00152687169611454, 0.0011400203220546246, 0.0009791847551241517, 0.0005950708291493356, 0.0005351891741156578, 0.000604713917709887, 0.0006441313307732344, 0.00037359478301368654, 0.0003774804063141346, 0.0003465491463430226, 0.0003179259365424514, 0.0002460006799083203, 0.00030712143052369356, 0.00023622305889148265, 0.0001879604096757248, 0.00017039605882018805, 0.00018429456395097077, 0.00022719371190760285, 0.0001268118794541806, 0.00013300868158694357, 0.00014502924750559032, 0.00014605038450099528, 8.539063856005669e-05, 0.00013398980081547052, 4.534683102974668e-05, 0.0001381794281769544, 8.700427861185744e-05, 7.454821752617136e-05, 0.0001376100117340684, 5.48437237739563e-05, 7.453717989847064e-05, 6.111455149948597e-05, 5.0542166718514636e-05, 6.851754005765542e-05, 4.926287510897964e-05, 0.0001285201869904995], "val_loss": [0.3082696795463562, 0.34682518243789673, 0.19324497878551483, 0.07277519255876541, 0.06777171045541763, 0.07693260163068771, 0.04521695151925087, 0.04131722077727318, 0.031137295067310333, 0.04889427870512009, 0.05190807953476906, 0.03395631164312363, 0.06892483681440353, 0.06479651480913162, 0.016240747645497322, 0.00988064892590046, 0.008399318903684616, 0.007803998421877623, 0.007367868907749653, 0.00692128436639905, 0.006768279243260622, 0.006586397532373667, 0.00611916882917285, 0.006004674825817347, 0.006222233176231384, 0.006406103260815144, 0.006433815695345402, 0.006121890619397163, 0.006226066499948502, 0.005900188814848661, 0.006041278131306171, 0.0062156724743545055, 0.005873507354408503, 0.005713172722607851, 0.005936101078987122, 0.00619503203779459, 0.006084284279495478, 0.006047327537089586, 0.005923696793615818, 0.006041657645255327, 0.006005409173667431, 0.005827783606946468, 0.005824724677950144, 0.005758665502071381, 0.005837569013237953, 0.005983795505017042, 0.006110077258199453, 0.006154846400022507, 0.006113192066550255, 0.006040946580469608, 0.006186934188008308, 0.00605081208050251, 0.006103193387389183, 0.006243034265935421], "Overfitting excape": true, "params": {"input_shape": [224, 224, 3], "include_top": false, "weights": "imagenet"}, "pretrainedUnfrozenLayers": 5, "BaseModelName": "MobileNetV2"}