{"accuracy": [0.6976975202560425, 0.9072017073631287, 0.9704281091690063, 0.9859129190444946, 0.9885979294776917, 0.9913564920425415, 0.9933794140815735, 0.9938575625419617, 0.9947403073310852, 0.9944093227386475, 0.9952552318572998, 0.9958805441856384, 0.9954023957252502, 0.9961012005805969, 0.9983448386192322, 0.9993011355400085, 0.9993011355400085, 0.99908047914505, 0.9993011355400085, 0.9996321797370911, 0.9995954036712646, 0.999448299407959, 0.9997425079345703, 0.9995586276054382, 0.9998161196708679, 0.9998528957366943, 0.9997425079345703, 0.9998896718025208, 0.9998161196708679, 0.9999264478683472, 0.9999264478683472, 0.9999264478683472, 0.9998896718025208, 0.9998528957366943, 0.9997793436050415, 0.9998896718025208, 0.9998896718025208, 1.0, 0.9998896718025208, 0.9999632239341736, 0.9998528957366943, 0.9999632239341736, 0.9998896718025208, 1.0, 0.9999632239341736, 0.9998896718025208, 0.9998896718025208, 0.9998528957366943, 0.9999632239341736, 0.9999632239341736, 0.9999264478683472, 1.0, 0.9999632239341736, 0.9999632239341736], "val_accuracy": [0.2619187831878662, 0.2839905917644501, 0.2922307252883911, 0.2853148877620697, 0.3393172323703766, 0.5748969912528992, 0.5401706695556641, 0.926868736743927, 0.2666274309158325, 0.539876401424408, 0.7619187831878662, 0.6078575849533081, 0.3784579038619995, 0.3050323724746704, 0.8680105805397034, 0.992495596408844, 0.9935256242752075, 0.9939670562744141, 0.9944084882736206, 0.9945555925369263, 0.9945555925369263, 0.9947027564048767, 0.9949970841407776, 0.9952913522720337, 0.9957327842712402, 0.9957327842712402, 0.9957327842712402, 0.9964684844017029, 0.9966156482696533, 0.9964684844017029, 0.9967628121376038, 0.9967628121376038, 0.9966156482696533, 0.9967628121376038, 0.9967628121376038, 0.9969099760055542, 0.9970570802688599, 0.9972042441368103, 0.9974985122680664, 0.9970570802688599, 0.9972042441368103, 0.9970570802688599, 0.9970570802688599, 0.9973514080047607, 0.9973514080047607, 0.9976456761360168, 0.9974985122680664, 0.9973514080047607, 0.9973514080047607, 0.9973514080047607, 0.9974985122680664, 0.9974985122680664, 0.9973514080047607, 0.9976456761360168], "loss": [0.34661614894866943, 0.12242212891578674, 0.04518458619713783, 0.024269601330161095, 0.017977943643927574, 0.013933256268501282, 0.011694694869220257, 0.009787987917661667, 0.008631869219243526, 0.009397914633154869, 0.0075296335853636265, 0.007245534565299749, 0.007870523259043694, 0.006695326417684555, 0.002717931754887104, 0.0014369395794346929, 0.0014697593869641423, 0.0016256974777206779, 0.0012116906000301242, 0.0008630164084024727, 0.0008530518389306962, 0.0009217734332196414, 0.0007532814051955938, 0.0007085460820235312, 0.0005246287910267711, 0.0005141956498846412, 0.000499395711813122, 0.00042759571806527674, 0.0005455426871776581, 0.0003830254718195647, 0.0002679011959116906, 0.0003425926261115819, 0.0002923312713392079, 0.00030172072001732886, 0.00047491650911979377, 0.00025730376364663243, 0.00022741865541320294, 0.00017549980839248747, 0.00026941217947751284, 0.00017177483823616058, 0.00029429528512991965, 0.00016297672118525952, 0.0002119047858286649, 0.00014193150855135173, 0.0001484355452703312, 0.00018128300143871456, 0.0001953630126081407, 0.00026807087124325335, 0.0001332566316705197, 7.507872942369431e-05, 0.00021490638027898967, 6.671220035059378e-05, 9.703214891487733e-05, 0.00010391382966190577], "val_loss": [0.6802988052368164, 0.676647961139679, 0.903651237487793, 0.7681552171707153, 0.8516553044319153, 0.5026472806930542, 0.8116339445114136, 0.11860817670822144, 10188.119140625, 0.9199410676956177, 0.44193145632743835, 0.9554724097251892, 2277.976806640625, 896376.8125, 0.31112611293792725, 0.010992174036800861, 0.008761363103985786, 0.007695710752159357, 0.007285522297024727, 0.007113401312381029, 0.006959139835089445, 0.006564004346728325, 0.006141826044768095, 0.006096210330724716, 0.005833218805491924, 0.005866951774805784, 0.005811762530356646, 0.0055447714403271675, 0.005517273675650358, 0.0052292849868535995, 0.005153278820216656, 0.00524739408865571, 0.005101002287119627, 0.004866096656769514, 0.0048353117890655994, 0.004674073774367571, 0.0046353889629244804, 0.004626487847417593, 0.0045242952182888985, 0.0042715370655059814, 0.004188319202512503, 0.004288752097636461, 0.004326918162405491, 0.004307873081415892, 0.0043521844781935215, 0.003938468173146248, 0.003910205326974392, 0.003986066207289696, 0.003999642562121153, 0.0042195688001811504, 0.004142988473176956, 0.004204620607197285, 0.004268105607479811, 0.00419924920424819], "Overfitting excape": true, "params": {"input_shape": [224, 224, 3], "include_top": false, "weights": "imagenet"}, "pretrainedUnfrozenLayers": 5, "BaseModelName": "MobileNetV3Large"}