{"accuracy": [0.6100853085517883, 0.7830660343170166, 0.8769310116767883, 0.9289024472236633, 0.9600558876991272, 0.9733706116676331, 0.981499195098877, 0.9854715466499329, 0.9866117238998413, 0.9899588227272034, 0.9912461638450623, 0.9927541613578796, 0.9940782785415649, 0.993710458278656, 0.996763288974762, 0.9972782135009766, 0.9978299140930176, 0.9979402422904968, 0.997977077960968, 0.9980138540267944, 0.9982712864875793, 0.9978299140930176, 0.9982712864875793, 0.9983080625534058, 0.9986391067504883, 0.9991172552108765, 0.9988597631454468, 0.9986023306846619, 0.9990069270133972, 0.9991908073425293, 0.9990437030792236, 0.9991540312767029, 0.9992643594741821, 0.9991908073425293, 0.9993011355400085, 0.9991908073425293, 0.9992643594741821, 0.9993011355400085, 0.9992643594741821, 0.9994115233421326, 0.9994850754737854, 0.9993379712104797, 0.9996321797370911, 0.9994115233421326, 0.9995954036712646, 0.9993379712104797, 0.999448299407959, 0.9994115233421326, 0.9995218515396118, 0.9993747472763062, 0.9997425079345703, 0.9995586276054382, 0.9995218515396118, 0.9995954036712646], "val_accuracy": [0.2636845111846924, 0.281930536031723, 0.2834019958972931, 0.3368157744407654, 0.5476751327514648, 0.6895232200622559, 0.4056798219680786, 0.7726603746414185, 0.3262213170528412, 0.7720717787742615, 0.8017951846122742, 0.3347557485103607, 0.5189817547798157, 0.36521482467651367, 0.8082695603370667, 0.9535020589828491, 0.9767510294914246, 0.9796939492225647, 0.9796939492225647, 0.9788110852241516, 0.9795467853546143, 0.9805768132209778, 0.9805768132209778, 0.9811654090881348, 0.9821954369544983, 0.981753945350647, 0.981753945350647, 0.9819011092185974, 0.9816068410873413, 0.9820482730865479, 0.982342541217804, 0.981753945350647, 0.9830783009529114, 0.9820482730865479, 0.982342541217804, 0.982342541217804, 0.9826368689537048, 0.9829311370849609, 0.9835197329521179, 0.9833725690841675, 0.9826368689537048, 0.983225405216217, 0.9833725690841675, 0.9833725690841675, 0.9833725690841675, 0.9833725690841675, 0.9836668372154236, 0.983814001083374, 0.983225405216217, 0.9829311370849609, 0.9829311370849609, 0.9835197329521179, 0.9835197329521179, 0.9835197329521179], "loss": [0.41783714294433594, 0.24243919551372528, 0.1510898470878601, 0.09520575404167175, 0.05757676810026169, 0.038264840841293335, 0.028010105714201927, 0.02320064790546894, 0.021626804023981094, 0.01613786444067955, 0.013359514065086842, 0.011411468498408794, 0.010803459212183952, 0.010157891549170017, 0.006216258276253939, 0.0048278397880494595, 0.004374622367322445, 0.004131327383220196, 0.0038560586981475353, 0.0036439313553273678, 0.0033323857933282852, 0.0036293216980993748, 0.0031163101084530354, 0.0031295758672058582, 0.002893890952691436, 0.0022896507289260626, 0.002297064056620002, 0.002428715582937002, 0.002118519740179181, 0.001692857826128602, 0.0020061468239873648, 0.0017539049731567502, 0.001682076370343566, 0.001529265777207911, 0.001953914761543274, 0.0016268594190478325, 0.001409345306456089, 0.0013905179221183062, 0.0015568509697914124, 0.0014438086654990911, 0.0013773235259577632, 0.0014148183399811387, 0.0012298349756747484, 0.0014065541326999664, 0.0011565384920686483, 0.0013208886375650764, 0.0011911748442798853, 0.0013107151025906205, 0.001180095598101616, 0.0012203911319375038, 0.0011106410529464483, 0.0011300018522888422, 0.001220720005221665, 0.0010569773148745298], "val_loss": [0.5957885384559631, 0.6204925179481506, 0.7052507996559143, 0.6889764070510864, 0.4664303660392761, 0.43814048171043396, 1.1631909608840942, 0.2742373049259186, 1.2780195474624634, 0.3486933410167694, 0.25821152329444885, 1.5336253643035889, 0.7749031186103821, 2.0933632850646973, 0.38380736112594604, 0.07899702340364456, 0.04031195864081383, 0.03703751415014267, 0.0372827872633934, 0.03888567537069321, 0.036392226815223694, 0.03584064915776253, 0.03535670042037964, 0.03533682972192764, 0.033952970057725906, 0.033666208386421204, 0.034830380231142044, 0.0339326411485672, 0.03491319343447685, 0.034476637840270996, 0.03347036615014076, 0.03363708034157753, 0.03274347633123398, 0.03412817418575287, 0.033782996237277985, 0.03308887407183647, 0.03467725217342377, 0.03410157188773155, 0.03225944936275482, 0.0330616794526577, 0.034437038004398346, 0.032840337604284286, 0.03296622261404991, 0.03456044942140579, 0.03275957331061363, 0.0327843576669693, 0.031580064445734024, 0.03219633176922798, 0.033316370099782944, 0.03415720537304878, 0.03271688520908356, 0.032576680183410645, 0.03294987976551056, 0.032542821019887924], "Overfitting excape": true, "params": {"input_shape": [224, 224, 3], "include_top": false, "weights": "imagenet"}, "pretrainedUnfrozenLayers": 5, "BaseModelName": "MobileNetV3Small"}