{"loss": [0.5105521082878113, 0.28079789876937866, 0.1535855084657669, 0.07243768870830536, 0.034381382167339325, 0.023436684161424637, 0.01860922947525978, 0.016870830208063126, 0.012571529485285282, 0.014812006615102291, 0.010876381769776344, 0.013882439583539963, 0.008496064692735672, 0.008311591111123562, 0.009616274386644363, 0.007316966541111469, 0.007471902761608362, 0.00861840695142746, 0.009408009238541126, 0.007595800328999758, 0.007962657138705254, 0.004997900687158108, 0.005598902702331543, 2.5422932594665326e-05, 0.009206894785165787, 0.009179625660181046, 0.00478506600484252, 0.006916647776961327, 0.005309391301125288, 0.006301904562860727, 0.005825752858072519, 0.004653268028050661, 0.004805481992661953, 0.005749143660068512, 0.0035332299303263426, 0.005731575191020966, 0.001320341252721846, 0.007344002835452557, 0.0036177749279886484, 0.003040007082745433, 0.0003877535928040743, 8.210936357500032e-05, 7.415043364744633e-05, 3.101192123722285e-05, 2.137582669092808e-05, 2.034834324149415e-05, 1.5564837667625397e-05, 1.1237903891014867e-05, 6.028225016052602e-06, 8.338353836734314e-06, 2.0834168026340194e-06, 3.2492391710547963e-06, 1.7579491213837173e-06, 1.6544087202419178e-06, 1.2192656413390068e-06, 7.225662557175383e-07, 6.474007818724203e-07, 6.227568292160868e-07, 2.908400063006411e-07, 2.3856259190324636e-07, 1.1104317820809229e-07, 8.439550924776995e-08, 1.3396231679507764e-07, 5.08689232958659e-08, 6.83790872813006e-08, 7.798191603569649e-08, 3.579526008934408e-08, 2.598775594719882e-08, 4.904514128156734e-08, 2.999721004925959e-08, 2.0973001113588907e-08, 1.7262401286188833e-08, 1.7674743446605135e-08, 1.168963503772602e-08, 1.5184587809358163e-08, 1.1423911594476976e-08, 1.6019191306781977e-08, 1.0165373431902935e-08, 6.839983690554163e-09, 6.561006848926354e-09], "val_loss": [0.3312712609767914, 0.1859237253665924, 0.10744880139827728, 0.07556476444005966, 0.046686939895153046, 0.04799507558345795, 0.06295353919267654, 0.03885740786790848, 0.035982754081487656, 0.04667177423834801, 0.024565542116761208, 0.019314128905534744, 0.01020457036793232, 0.01795705035328865, 0.012471999041736126, 0.01329005602747202, 0.024777619168162346, 0.017095744609832764, 0.012400373816490173, 0.018038421869277954, 0.013042711652815342, 0.011658229865133762, 0.00535009428858757, 0.006829298101365566, 0.05967956408858299, 0.017250675708055496, 0.007568508852273226, 0.029294101521372795, 0.05429092049598694, 0.025451920926570892, 0.009066115133464336, 0.007627564016729593, 0.04187960922718048, 0.006668811663985252, 0.02686060592532158, 0.011008277535438538, 0.005714762955904007, 0.011250019073486328, 0.011064176447689533, 0.006758247502148151, 0.005730623845010996, 0.00539745157584548, 0.005444053560495377, 0.005213904660195112, 0.005120926070958376, 0.005023324396461248, 0.004915458615869284, 0.005047034937888384, 0.005020721349865198, 0.005398652516305447, 0.005299338139593601, 0.005354772787541151, 0.005157303065061569, 0.005282527767121792, 0.005156124010682106, 0.005180083215236664, 0.005317007657140493, 0.005508146248757839, 0.005561162251979113, 0.00539614399895072, 0.005410660989582539, 0.005448081996291876, 0.0054162973538041115, 0.005443299654871225, 0.005586550105363131, 0.00544646754860878, 0.005543968640267849, 0.005559562239795923, 0.005718969274312258, 0.00578145170584321, 0.005778379272669554, 0.005719081964343786, 0.005874467547982931, 0.005928677041083574, 0.0059762559831142426, 0.00604148767888546, 0.005945117212831974, 0.00592795992270112, 0.005958245135843754, 0.006029952317476273], "val_accuracy": [0.6552383899688721, 0.8269570469856262, 0.9077398180961609, 0.9418776035308838, 0.9668923020362854, 0.9663037061691284, 0.9543849229812622, 0.9758681654930115, 0.9773396253585815, 0.9786639213562012, 0.9842554330825806, 0.9866097569465637, 0.992495596408844, 0.9867569208145142, 0.99131840467453, 0.9905827045440674, 0.9848440289497375, 0.9880812168121338, 0.992495596408844, 0.9882283806800842, 0.9914655685424805, 0.9936727285385132, 0.9973514080047607, 0.9972042441368103, 0.9727780818939209, 0.9910241365432739, 0.9949970841407776, 0.983814001083374, 0.9761624336242676, 0.9846968650817871, 0.9938198924064636, 0.9957327842712402, 0.9773396253585815, 0.9944084882736206, 0.9821954369544983, 0.9933784604072571, 0.9966156482696533, 0.991907000541687, 0.9927898645401001, 0.9954385161399841, 0.9963213801383972, 0.9964684844017029, 0.9964684844017029, 0.9964684844017029, 0.9967628121376038, 0.9969099760055542, 0.9972042441368103, 0.9969099760055542, 0.9972042441368103, 0.9970570802688599, 0.9973514080047607, 0.9973514080047607, 0.9974985122680664, 0.9974985122680664, 0.9976456761360168, 0.9974985122680664, 0.9974985122680664, 0.9974985122680664, 0.9976456761360168, 0.9976456761360168, 0.9976456761360168, 0.9976456761360168, 0.9974985122680664, 0.9974985122680664, 0.9974985122680664, 0.9976456761360168, 0.9974985122680664, 0.9976456761360168, 0.9976456761360168, 0.9976456761360168, 0.9976456761360168, 0.9976456761360168, 0.9976456761360168, 0.9976456761360168, 0.9974985122680664, 0.9974985122680664, 0.9976456761360168, 0.9976456761360168, 0.9976456761360168, 0.9976456761360168], "accuracy": [0.3870089650154114, 0.715867280960083, 0.8631381392478943, 0.9436148405075073, 0.9769383668899536, 0.9831911325454712, 0.9870898723602295, 0.9885611534118652, 0.9917610883712769, 0.99065762758255, 0.9930484294891357, 0.990473747253418, 0.9941518306732178, 0.9951081275939941, 0.9936001300811768, 0.9955494999885559, 0.9955494999885559, 0.994629979133606, 0.9944093227386475, 0.9956598281860352, 0.9951449036598206, 0.9970943331718445, 0.9963586926460266, 1.0, 0.9939679503440857, 0.9939311742782593, 0.9969103932380676, 0.995843768119812, 0.9970574975013733, 0.9958805441856384, 0.9965425729751587, 0.9974988698959351, 0.9971678853034973, 0.9968736171722412, 0.997866690158844, 0.9963586926460266, 0.9992275834083557, 0.9956230521202087, 0.9976828098297119, 0.9979402422904968, 0.9997425079345703, 1.0, 1.0, 1.0, 1.0, 1.0, 1.0, 1.0, 1.0, 1.0, 1.0, 1.0, 1.0, 1.0, 1.0, 1.0, 1.0, 1.0, 1.0, 1.0, 1.0, 1.0, 1.0, 1.0, 1.0, 1.0, 1.0, 1.0, 1.0, 1.0, 1.0, 1.0, 1.0, 1.0, 1.0, 1.0, 1.0, 1.0, 1.0, 1.0], "params": {"input_shape": [224, 224, 3], "include_top": false, "weights": "imagenet"}, "pretrainedUnfrozenLayers": 5, "BaseModelName": "VGG19"}