{"val_loss": [0.1733531951904297, 0.03967238590121269, 0.020803673192858696, 0.030932659283280373, 0.023546643555164337, 0.008999036625027657, 0.09626159071922302, 0.06460566073656082, 0.015307237394154072, 0.018191352486610413, 0.013427534140646458, 0.005969494581222534, 0.0745338499546051, 0.020107021555304527, 0.0073859477415680885, 0.006012082099914551, 0.005237079691141844, 0.004783316981047392, 0.00454495707526803, 0.004417113959789276, 0.004221578128635883, 0.004356999881565571, 0.004377712495625019, 0.004430078901350498, 0.0044901203364133835, 0.004399939440190792, 0.004266821313649416, 0.004214470740407705, 0.004274687264114618, 0.0040832930244505405, 0.0040746210142970085, 0.0041290768422186375, 0.004206168930977583, 0.004196872469037771, 0.00416343379765749, 0.00419225450605154, 0.00427599623799324, 0.004353228956460953, 0.0043908474035561085, 0.004464180674403906, 0.004380375612527132, 0.004214897286146879, 0.004148428328335285, 0.004250215366482735, 0.004158904310315847, 0.004162868019193411, 0.0041795289143919945, 0.004293394275009632, 0.0043424819596111774, 0.004362996201962233, 0.004305826500058174, 0.00439634220674634, 0.004492791369557381, 0.004439739976078272], "val_accuracy": [0.8649205565452576, 0.9713066220283508, 0.9842554330825806, 0.976309597492218, 0.9841082692146301, 0.9935256242752075, 0.959240734577179, 0.9605650305747986, 0.9896998405456543, 0.9901412725448608, 0.9923484325408936, 0.9951441884040833, 0.9605650305747986, 0.9870511889457703, 0.9960270524024963, 0.9970570802688599, 0.9973514080047607, 0.9974985122680664, 0.9980871081352234, 0.9977928400039673, 0.9976456761360168, 0.9977928400039673, 0.9976456761360168, 0.997939944267273, 0.997939944267273, 0.997939944267273, 0.997939944267273, 0.9980871081352234, 0.9980871081352234, 0.9983813762664795, 0.9980871081352234, 0.997939944267273, 0.9983813762664795, 0.9980871081352234, 0.9985285401344299, 0.9985285401344299, 0.997939944267273, 0.9982342720031738, 0.997939944267273, 0.997939944267273, 0.9977928400039673, 0.997939944267273, 0.9980871081352234, 0.9980871081352234, 0.9982342720031738, 0.9980871081352234, 0.9980871081352234, 0.9982342720031738, 0.9980871081352234, 0.997939944267273, 0.9980871081352234, 0.9982342720031738, 0.9980871081352234, 0.9980871081352234], "accuracy": [0.8112770318984985, 0.9710166454315186, 0.9837796092033386, 0.9912829399108887, 0.9921656847000122, 0.9913564920425415, 0.9934529662132263, 0.9953288435935974, 0.9948506951332092, 0.9957702159881592, 0.9972046613693237, 0.9962851405143738, 0.9957334399223328, 0.9971678853034973, 0.9977563619613647, 0.9991172552108765, 0.999448299407959, 0.9997425079345703, 0.9998161196708679, 0.9998528957366943, 0.9998161196708679, 0.9999264478683472, 0.9999264478683472, 0.9999632239341736, 1.0, 0.9999632239341736, 0.9999632239341736, 1.0, 0.9999632239341736, 0.9999264478683472, 1.0, 1.0, 1.0, 1.0, 1.0, 1.0, 0.9999632239341736, 0.9999632239341736, 1.0, 1.0, 1.0, 1.0, 1.0, 1.0, 1.0, 1.0, 1.0, 1.0, 1.0, 1.0, 0.9999632239341736, 1.0, 1.0, 0.9999632239341736], "loss": [0.20532652735710144, 0.04086668789386749, 0.024192769080400467, 0.013752628117799759, 0.013128203339874744, 0.01379072479903698, 0.009954644367098808, 0.008155599236488342, 0.008520294912159443, 0.006729945540428162, 0.005326581187546253, 0.006112023256719112, 0.00688851997256279, 0.004718562122434378, 0.003763265674933791, 0.0017349550034850836, 0.001171217649243772, 0.0007420956389978528, 0.0004687249311245978, 0.000364841049304232, 0.0002863986592274159, 0.00016300201241392642, 0.00015586763038299978, 8.761891513131559e-05, 8.069190516835079e-05, 7.628083403687924e-05, 0.00014837103663012385, 4.040145722683519e-05, 7.226776506286114e-05, 0.00013237126404419541, 2.4944974938989617e-05, 2.862437213480007e-05, 1.648568650125526e-05, 1.015716406982392e-05, 1.4421739251702093e-05, 2.0898081857012585e-05, 5.8827747125178576e-05, 7.430566620314494e-05, 1.0251139428874012e-05, 3.733412086148746e-05, 9.862633305601776e-06, 2.192989268223755e-05, 2.7045993192587048e-05, 1.5267280105035752e-05, 8.24104790808633e-06, 6.010035576764494e-06, 3.0582011731894454e-06, 2.2134967366582714e-05, 1.8573149645817466e-05, 6.552071681653615e-06, 2.6892304958892055e-05, 1.3186395335651468e-05, 1.3044418665231206e-05, 2.0886005586362444e-05], "Overfitting excape": true, "params": {"input_shape": [224, 224, 3], "include_top": false, "weights": "imagenet"}, "pretrainedUnfrozenLayers": 5, "BaseModelName": "Xception"}